US VIRGIN ISLANDS,VI
AMERICAN SAMOA,AS
WEST VIRGINIA,WV
NEBRASKA,NE
WASHINGTON,WA
ARIZONA,AZ
ARKANSAS,AR
NEVADA,NV
VIRGIN ISLANDS,VI
LOUISIANA,LA
IDAHO,ID
MISSOURI,MO
CONNECTICUT,CT
COLORADO,CO
FLORIDA,FL
CALIFORNIA,CA
KANSAS,KS
PALAU,PW
MINNESOTA,MN
GEORGIA,GA
GUAM,GU
MARYLAND,MD
KENTUCKY,KY
TENNESSEE,TN
FEDERATED STATES OF MICRONESIA,FM
MICRONESIA,FM
WISCONSIN,WI
MARSHALL ISLANDS,MH
IOWA,IA
NEW MEXICO,NM
NEW HAMPSHIRE,NH
PENNSYLVANIA,PA
HAWAII,HI
DELAWARE,DE
NEW YORK,NY
NORTH CAROLINA,NC
RHODE ISLAND,RI
SOUTH CAROLINA,SC
SOUTH DAKOTA,SD
PUERTO RICO,PR
MASSACHUSETTS,MA
INDIANA,IN
TEXAS,TX
VERMONT,VT
OHIO,OH
VIRGINIA,VA
ALABAMA,AL
ILLINOIS,IL
ALASKA,AK
MONTANA,MT
WASH DC,DC
UTAH,UT
MICHIGAN,MI
WYOMING,WY
NORTH DAKOTA,ND
NORTHERN MARIANA ISLANDS,MP
DISTRICT OF COLUMBIA,DC
OREGON,OR
MISSISSIPPI,MS
